rank,id,title,score,download_count,prev_download_count,new_downloads,fans_count,prev_fans_count,new_fans,review_count,prev_review_count,new_reviews,reserve_count,prev_reserve_count,new_reserves,ad_score,ad_level
1,43639,我的世界：移动版,6.5,68137975,68108477,29498,39810400,39798392,12008,125185,125163,22,473138,473138,0,15,🟢 自然增长为主
2,875411,黑历史：献帝,7.2,23098,0,23098,21380,20135,1245,76,74,2,20401,20449,-48,55,🟡 可能有广告
3,281223,诡秘之主,7.2,1967229,1951864,15365,2986729,2980159,6570,18799,18709,90,2266791,2267341,-550,0,✅ 自然增长
4,892775,仙逆：本尊,7.9,14854,0,14854,20192,15218,4974,215,140,75,14212,11547,2665,0,✅ 自然增长
5,232326,明日方舟：终末地,6.1,6107300,6093782,13518,6999516,6996103,3413,94832,94449,383,4438477,4438555,-78,0,✅ 自然增长
6,820664,梦幻新诛仙：轻享,8.3,51086,38095,12991,72940,66982,5958,525,513,12,63767,63752,15,15,🟢 自然增长为主
7,168332,原神,7.9,91873111,91860271,12840,38865992,38861225,4767,506100,506082,18,3114716,3114724,-8,5,✅ 自然增长
8,165287,Phigros,9.5,54813536,54801544,11992,18563544,18558756,4788,105017,105005,12,49397,49397,0,5,✅ 自然增长
9,330259,三角洲行动,5.5,20908108,20896143,11965,34457627,34442855,14772,51858,52031,-173,3624078,3624096,-18,50,🟡 可能有广告
10,12492,阴阳师,7.4,14196619,14184842,11777,5122213,5118084,4129,59299,59295,4,9637,9637,0,25,🟢 自然增长为主
11,45213,心动小镇,8.6,60809115,60798541,10574,39449805,39445011,4794,248631,248580,51,2402691,2402706,-15,0,✅ 自然增长
12,206776,蛋仔派对,7.8,40354828,40344495,10333,38574581,38565059,9522,50399,50383,16,249511,249513,-2,0,✅ 自然增长
13,239372,燕云十六声,7.1,15137499,15127283,10216,10574985,10570722,4263,39142,39142,0,2168013,2168037,-24,50,🟡 可能有广告
14,62448,光·遇,7.9,45018193,45008295,9898,22314333,22309902,4431,138097,138081,16,1082071,1082071,0,0,✅ 自然增长
15,176937,金铲铲之战,6.4,15933996,15924182,9814,30342523,30331734,10789,38619,38597,22,1310848,1310850,-2,0,✅ 自然增长
16,804298,我在园区搜打撤,7.5,33829,24041,9788,45421,38488,6933,282,186,96,26391,26456,-65,0,✅ 自然增长
17,54031,植物大战僵尸2,6.1,15596532,15587165,9367,10113278,10107068,6210,26085,26062,23,0,0,0,0,✅ 自然增长
18,224267,崩坏：星穹铁道,7.5,32558745,32549668,9077,19676546,19673481,3065,130622,130540,82,4294081,4294099,-18,0,✅ 自然增长
19,234280,鸣潮,7.1,23514048,23505013,9035,13404097,13400606,3491,155488,155477,11,4396063,4396100,-37,5,✅ 自然增长
20,2301,王者荣耀,5.0,53511040,53502016,9024,98076963,98061228,15735,371658,371623,35,4327,4327,0,0,✅ 自然增长
21,70253,明日方舟,8.1,34089936,34081062,8874,12567407,12564299,3108,196389,196384,5,576075,576075,0,25,🟢 自然增长为主
22,58881,香肠派对,8.6,275064855,275056073,8782,43317730,43315939,1791,731021,731011,10,850338,850338,0,5,✅ 自然增长
23,714123,超自然行动组,7.1,18212323,18204083,8240,12648728,12644846,3882,40831,40783,48,2808,2808,0,0,✅ 自然增长
24,714119,异环,7.1,8538707,8531196,7511,9371142,9368749,2393,63229,63212,17,6286359,6286499,-140,5,✅ 自然增长
25,234493,绝区零,6.7,17799776,17792671,7105,14073888,14071340,2548,114264,114261,3,7222283,7222330,-47,25,🟢 自然增长为主
26,49995,第五人格,7.3,30140836,30133928,6908,22756048,22751937,4111,94795,94783,12,1531329,1531330,-1,0,✅ 自然增长
27,761143,奥术扳机,8.4,339896,333157,6739,307322,301409,5913,655,650,5,31467,31469,-2,15,🟢 自然增长为主
28,34751,元气骑士,8.6,38368643,38362207,6436,20598795,20595218,3577,148108,148103,5,28380,28380,0,15,🟢 自然增长为主
29,722210,无畏契约：源能行动,7.7,8568637,8562272,6365,17085328,17075910,9418,18334,18342,-8,3843547,3843564,-17,50,🟡 可能有广告
30,892953,高三最后300天,9.4,490637,485060,5577,474740,469448,5292,2567,2543,24,0,0,0,0,✅ 自然增长
31,70056,和平精英,7.1,55465999,55460467,5532,84869344,84858620,10724,197866,197864,2,2231614,2231616,-2,15,🟢 自然增长为主
32,720041,潜水员戴夫,8.9,2530808,2525769,5039,3110816,3107244,3572,10813,10812,1,1535249,1535268,-19,30,🟢 自然增长为主
33,194610,泰拉瑞亚,8.9,18531035,18526044,4991,8154306,8152861,1445,116227,116215,12,1266685,1266688,-3,5,✅ 自然增长
34,751029,我要当老祖,7.7,716505,711698,4807,542592,539185,3407,2437,2434,3,39622,39628,-6,15,🟢 自然增长为主
35,716987,追迹迷城,9.5,235773,231060,4713,192176,188818,3358,2266,2217,49,39362,39375,-13,0,✅ 自然增长
36,907735,吃点·外卖模拟器,9.0,26366,21982,4384,25538,21281,4257,93,75,18,0,0,0,0,✅ 自然增长
37,656640,我独自生活,9.0,3262962,3258648,4314,2781095,2777517,3578,9266,9258,8,119395,119399,-4,0,✅ 自然增长
38,256335,土豆兄弟,6.9,5356849,5352683,4166,4071267,4069063,2204,6866,6859,7,394933,394945,-12,0,✅ 自然增长
39,860527,地城狩猎,8.1,20737,16645,4092,30580,30699,-119,237,223,14,23319,23293,26,20,🟢 自然增长为主
40,903194,诡世：你的星座决定你的异能,9.3,69818,65736,4082,64187,60533,3654,322,307,15,0,0,0,0,✅ 自然增长
41,838479,单机推理杀,9.7,795099,791101,3998,703536,700012,3524,2050,2043,7,0,0,0,0,✅ 自然增长
42,815993,TapAim,7.2,4484093,4480110,3983,3196563,3193751,2812,1316,1311,5,29521,29521,0,0,✅ 自然增长
43,900069,古玩人生,9.1,60531,56565,3966,56380,52720,3660,270,258,12,0,0,0,0,✅ 自然增长
44,852992,大侠闯天下,8.0,78902,74973,3929,101643,98819,2824,1075,1049,26,55533,55561,-28,0,✅ 自然增长
45,191385,逆水寒,7.3,15157602,15153762,3840,10360034,10358556,1478,48462,48461,1,1775511,1775529,-18,40,🟡 可能有广告
46,904067,完美清洁公司,9.1,19224,15566,3658,17754,14272,3482,22,21,1,0,0,0,30,🟢 自然增长为主
47,247977,再玩亿关,9.2,5719889,5716236,3653,3962779,3960341,2438,11899,11895,4,0,0,0,0,✅ 自然增长
48,221322,暗区突围,7.1,9712471,9709039,3432,17605018,17601797,3221,53975,53969,6,1168158,1168162,-4,0,✅ 自然增长
49,2247,火影忍者,6.0,15137221,15133830,3391,26535428,26530397,5031,66723,66706,17,3,3,0,0,✅ 自然增长
50,188212,洛克王国：世界,7.3,6666468,6663100,3368,11099433,11096120,3313,70806,70843,-37,3896166,3896230,-64,30,🟢 自然增长为主
51,760944,魂坠深境,8.7,334149,330851,3298,296482,294366,2116,6576,6517,59,73064,73079,-15,0,✅ 自然增长
52,922540,财富磨坊,9.3,4470,1265,3205,3864,1105,2759,35,18,17,0,0,0,0,✅ 自然增长
53,4,地铁跑酷,6.9,19087325,19084148,3177,17384618,17381342,3276,14371,14371,0,0,0,0,30,🟢 自然增长为主
54,139301,使命召唤手游,7.6,13182197,13179084,3113,19999636,19996949,2687,72986,72986,0,3724696,3724698,-2,30,🟢 自然增长为主
55,223265,初音未来：缤纷舞台,7.8,5843113,5840026,3087,4226045,4224587,1458,13440,13440,0,1323514,1323520,-6,30,🟢 自然增长为主
56,176911,英雄联盟手游,6.2,13708720,13705687,3033,24320424,24317919,2505,122632,122622,10,8139257,8139273,-16,0,✅ 自然增长
57,233514,苍翼：混沌效应,9.0,5270573,5267556,3017,3299650,3298255,1395,14403,14397,6,539945,539951,-6,0,✅ 自然增长
58,903578,国运擂台：我召唤华夏诸神,7.5,50426,47484,2942,45335,42793,2542,109,104,5,0,0,0,0,✅ 自然增长
59,837252,崇祯直聘：明末官场沉浮模拟器,9.7,380518,377613,2905,352751,350153,2598,4029,4004,25,0,0,0,0,✅ 自然增长
60,860950,翡翠经营模拟器,9.0,930603,927721,2882,850620,848214,2406,1833,1829,4,0,0,0,0,✅ 自然增长
61,378464,菜鸡梦想家,8.6,376717,373840,2877,547353,546637,716,5408,5386,22,504422,504475,-53,0,✅ 自然增长
62,241790,Phigrim（TapTap测试版）,8.0,4934365,4931662,2703,3175927,3174112,1815,4824,4821,3,374881,374884,-3,0,✅ 自然增长
63,755604,遗忘之海,6.5,1508400,1505698,2702,2119737,2119330,407,8809,8801,8,1552283,1552384,-101,5,✅ 自然增长
64,240388,小小梦魇,8.7,1522409,1519753,2656,2406883,2405097,1786,3667,3665,2,1470245,1470256,-11,15,🟢 自然增长为主
65,130651,战双帕弥什,8.1,18329774,18327120,2654,7950016,7949133,883,139484,139484,0,1091175,1091178,-3,40,🟡 可能有广告
66,229966,永劫无间,6.7,12015947,12013306,2641,13993814,13992800,1014,37566,37562,4,7033787,7033828,-41,5,✅ 自然增长
67,733908,失控进化,7.4,1802824,1800196,2628,4916695,4913911,2784,15433,15428,5,3156469,3156514,-45,0,✅ 自然增长
68,218210,以闪亮之名,9.1,7448359,7445759,2600,5369128,5368342,786,42284,42283,1,2233298,2233307,-9,25,🟢 自然增长为主
69,247283,无限暖暖,6.6,7204660,7202062,2598,5304604,5303682,922,51398,51389,9,2522533,2522554,-21,0,✅ 自然增长
70,7698,可口的比萨,7.3,4705695,4703139,2556,3671185,3669624,1561,12661,12659,2,160694,160697,-3,15,🟢 自然增长为主
71,893197,流浪小破球,8.7,2537,0,2537,2210,2177,33,32,32,0,5,5,0,70,🔴 高概率广告导入
72,726060,球球旅行记,7.6,2199072,2196573,2499,1708136,1706285,1851,2519,2517,2,25931,25933,-2,15,🟢 自然增长为主
73,7054,迷你世界,3.8,17243741,17241245,2496,19570051,19570652,-601,119386,119385,1,796,796,0,55,🟡 可能有广告
74,909134,我打怪升级捡垃圾,7.5,2457,0,2457,2462,1293,1169,29,21,8,1179,1189,-10,0,✅ 自然增长
75,894304,养娃模拟器,8.9,15930,13479,2451,15581,13008,2573,129,135,-6,0,0,0,30,🟢 自然增长为主
76,861470,天机六爻,9.1,158361,155954,2407,148134,145879,2255,393,390,3,0,0,0,0,✅ 自然增长
77,382099,龙族：卡塞尔之门,7.1,2863570,2861176,2394,2473645,2472275,1370,7531,7533,-2,580677,580684,-7,30,🟢 自然增长为主
78,60809,喵斯快跑,8.9,16636612,16634239,2373,6145120,6144722,398,143735,143724,11,129737,129737,0,0,✅ 自然增长
79,221062,重返未来：1999,7.3,10929897,10927534,2363,6303431,6302809,622,55978,55975,3,1624222,1624231,-9,5,✅ 自然增长
80,827946,攀爬动物,8.8,1750095,1747736,2359,1266202,1264747,1455,3759,3756,3,78,78,0,0,✅ 自然增长
81,717836,杖剑传说,8.6,3503585,3501233,2352,2107773,2106978,795,41010,40996,14,314994,315000,-6,0,✅ 自然增长
82,7035,三国杀,3.5,7029589,7027346,2243,5837506,5837435,71,46924,46904,20,0,0,0,20,🟢 自然增长为主
83,316964,蔚蓝档案,8.5,6622837,6620621,2216,3851149,3850174,975,21883,21872,11,877457,877460,-3,0,✅ 自然增长
84,767047,超人飞行模拟器,5.3,298141,295942,2199,265699,263866,1833,257,255,2,6852,6852,0,15,🟢 自然增长为主
85,159465,一念逍遥,6.8,9095581,9093386,2195,4064612,4063593,1019,53583,53582,1,302538,302539,-1,15,🟢 自然增长为主
86,873826,训练前额叶,9.6,213082,210920,2162,200846,198819,2027,683,677,6,0,0,0,0,✅ 自然增长
87,700558,鬼谷八荒,8.6,5173110,5170962,2148,3774844,3773073,1771,18234,18228,6,561692,561701,-9,0,✅ 自然增长
88,171015,重生细胞,8.2,12454805,12452666,2139,7260435,7259467,968,47319,47318,1,1620492,1620497,-5,15,🟢 自然增长为主
89,895177,废车拆出一个亿,8.5,37720,35594,2126,34656,32721,1935,44,43,1,0,0,0,15,🟢 自然增长为主
90,895084,渔港经营模拟器,8.6,44129,42033,2096,38161,36420,1741,226,259,-33,0,0,0,30,🟢 自然增长为主
91,902150,幸运弹球,9.2,30639,28551,2088,26565,24759,1806,70,67,3,0,0,0,0,✅ 自然增长
92,884085,花掉马斯克的金钱,7.5,309240,307201,2039,303222,301349,1873,169,169,0,9,9,0,30,🟢 自然增长为主
93,737935,超市经理模拟器,8.4,2846086,2844083,2003,2016801,2015478,1323,23063,23047,16,0,0,0,0,✅ 自然增长
94,198294,无期迷途,7.4,5956399,5954429,1970,3557604,3556911,693,48298,48294,4,973192,973198,-6,5,✅ 自然增长
95,832093,小画家模拟2,9.3,108409,106451,1958,106718,105110,1608,2030,1995,35,26738,26737,1,0,✅ 自然增长
96,848057,灵瞳觉醒：横扫古董市场,7.8,142655,140709,1946,121893,120317,1576,333,333,0,0,0,0,30,🟢 自然增长为主
97,848359,无限合成进化系统,6.6,78072,76150,1922,63379,61843,1536,105,105,0,0,0,0,30,🟢 自然增长为主
98,884591,变色龙躲猫猫,8.7,575328,573431,1897,415429,413999,1430,1464,1460,4,10599,10552,47,0,✅ 自然增长
99,77045,我的家长,6.4,220599,218727,1872,3086250,3084932,1318,23696,23692,4,2699660,2699687,-27,0,✅ 自然增长
100,838601,开局觉醒超神级天赋,8.5,125670,123802,1868,105435,103950,1485,172,171,1,0,0,0,15,🟢 自然增长为主
101,213,炉石传说,5.4,16364672,16362812,1860,8085240,8084576,664,71394,71393,1,1026900,1026910,-10,25,🟢 自然增长为主
102,193324,楼下的早餐店,8.9,8016064,8014214,1850,4308376,4307230,1146,38601,38596,5,8148,8148,0,0,✅ 自然增长
103,825852,999秒!幸存者,9.1,365375,363576,1799,315259,313721,1538,687,683,4,1022,1022,0,0,✅ 自然增长
104,751362,我的关东煮小铺,8.6,970504,968733,1771,786172,784818,1354,5567,5554,13,0,0,0,0,✅ 自然增长
105,384185,祖宗模拟器：传承,9.2,2533971,2532201,1770,2030227,2028950,1277,82130,82082,48,93929,93930,-1,0,✅ 自然增长
106,242251,我的休闲时光,8.9,5944119,5942384,1735,3921727,3920790,937,75253,75231,22,285547,285549,-2,0,✅ 自然增长
107,250085,部落冲突,4.8,1648563,1646832,1731,5753450,5753274,176,5008,5006,2,0,0,0,20,🟢 自然增长为主
108,235098,五子棋（TapTap测试版）,7.4,4259806,4258101,1705,3134580,3133371,1209,5202,5201,1,968,968,0,15,🟢 自然增长为主
109,397030,超级收纳馆2,4.5,5784718,5783030,1688,4245250,4244202,1048,3210,3209,1,42517,42508,9,15,🟢 自然增长为主
110,908506,天下归心,7.0,13556,11874,1682,12263,10725,1538,127,113,14,0,0,0,0,✅ 自然增长
111,2334,滚动的天空,7.6,6767174,6765504,1670,3812482,3811214,1268,14511,14509,2,336,336,0,0,✅ 自然增长
112,755439,异世界的城主大人,9.1,448371,446712,1659,365710,364546,1164,1404,1392,12,65218,65223,-5,0,✅ 自然增长
113,190867,王牌竞速,6.8,5703070,5701422,1648,5690901,5690964,-63,17301,17300,1,235466,235468,-2,55,🟡 可能有广告
114,278604,米加小镇世界,7.6,10417286,10415641,1645,4936915,4935956,959,19843,19841,2,0,0,0,0,✅ 自然增长
115,899626,判卷捞人,8.0,62484,60850,1634,59433,57922,1511,66,64,2,2,2,0,0,✅ 自然增长
116,354563,完蛋！我被美女包围了！,7.1,5845202,5843571,1631,5789218,5787868,1350,7244,7243,1,1517382,1517386,-4,15,🟢 自然增长为主
117,202416,桃源深处有人家,7.4,2922151,2920524,1627,3304912,3303708,1204,14176,14174,2,855264,855268,-4,0,✅ 自然增长
118,888765,地洞便利店,7.5,10795,9176,1619,10663,9260,1403,41,39,2,3164,3174,-10,0,✅ 自然增长
119,880097,灵异直播间,8.6,60845,59228,1617,53112,51754,1358,260,259,1,0,0,0,15,🟢 自然增长为主
120,867801,地府打工魂,7.6,45129,43546,1583,35897,34606,1291,148,148,0,0,0,0,30,🟢 自然增长为主
121,215412,巅峰极速,7.8,4935267,4933687,1580,5040697,5040795,-98,12707,12705,2,213896,213897,-1,35,🟢 自然增长为主
122,58885,月圆之夜,8.5,14940361,14938789,1572,6367186,6367156,30,91956,91952,4,35381,35381,0,35,🟢 自然增长为主
123,737825,名将杀,8.4,793054,791503,1551,625439,624483,956,7502,7489,13,238982,238990,-8,0,✅ 自然增长
124,236627,伊瑟,7.6,1607548,1606004,1544,2613849,2613449,400,12368,12362,6,1100377,1100391,-14,0,✅ 自然增长
125,840877,文字密室逃脱,8.4,136288,134775,1513,119274,117924,1350,245,243,2,6294,6293,1,0,✅ 自然增长
126,227077,猛鬼宿舍,5.7,6956841,6955330,1511,3855533,3854332,1201,8929,8929,0,13691,13691,0,30,🟢 自然增长为主
127,912177,箱中废土,9.1,11537,10026,1511,10275,8926,1349,45,40,5,0,0,0,0,✅ 自然增长
128,77796,我的勇者,8.4,8818787,8817279,1508,4775464,4775063,401,80222,80213,9,218464,218464,0,0,✅ 自然增长
129,190930,少女前线2：追放,4.7,3132863,3131361,1502,2689958,2689429,529,26660,26657,3,1599662,1599672,-10,5,✅ 自然增长
130,870042,一直刮一直爽,8.8,172587,171087,1500,147839,146597,1242,1155,1150,5,87,83,4,0,✅ 自然增长
131,172664,火炬之光：无限,7.3,5335301,5333803,1498,3796139,3795232,907,25810,25807,3,1539177,1539184,-7,0,✅ 自然增长
132,746164,夜幕之下,7.2,1910716,1909225,1491,2499212,2497607,1605,18777,18772,5,1713321,1713366,-45,0,✅ 自然增长
133,809320,后室：深入探索,7.7,1312883,1311404,1479,1101727,1100515,1212,1804,1804,0,66217,66161,56,30,🟢 自然增长为主
134,807345,猫猫钓游记,9.1,119913,118437,1476,108659,107384,1275,1296,1277,19,6540,6541,-1,0,✅ 自然增长
135,524022,吉星派对,7.0,690047,688581,1466,723662,722870,792,3246,3245,1,294311,294319,-8,15,🟢 自然增长为主
136,809520,CuteGo,7.2,506110,504656,1454,448270,447087,1183,682,681,1,0,0,0,15,🟢 自然增长为主
137,823582,王国大作战：前线,7.6,153827,152376,1451,134981,133971,1010,1800,1798,2,38957,38961,-4,0,✅ 自然增长
138,737341,胜利女神：新的希望,7.3,2337883,2336470,1413,1704725,1704216,509,16002,15995,7,675118,675130,-12,0,✅ 自然增长
139,761144,劫后公司,8.7,80693,79287,1406,114941,113943,998,1075,1200,-125,67070,67074,-4,30,🟢 自然增长为主
140,258720,鹅鸭杀,7.1,3416520,3415116,1404,5874298,5872496,1802,8251,8252,-1,1682613,1682627,-14,30,🟢 自然增长为主
141,235102,蜘蛛纸牌（TapTap测试版）,7.6,1587760,1586357,1403,1155053,1154032,1021,1844,1841,3,0,0,0,0,✅ 自然增长
142,913193,今天开始做大明星,9.2,8777,7381,1396,8406,7053,1353,21,20,1,0,0,0,15,🟢 自然增长为主
143,862472,镇邪人,8.8,160160,158767,1393,138094,136921,1173,3681,3646,35,5301,5305,-4,0,✅ 自然增长
144,337766,天道：创造,9.1,3381489,3380104,1385,2574711,2573753,958,170652,170633,19,107492,107493,-1,0,✅ 自然增长
145,61620,决战！平安京,6.2,13724075,13722696,1379,6175612,6175609,3,65538,65535,3,629685,629686,-1,35,🟢 自然增长为主
146,902778,开局一座大观园,8.1,18616,17240,1376,16676,15443,1233,65,63,2,0,0,0,0,✅ 自然增长
147,817986,末世：我有一辆房车,7.8,539406,538031,1375,485087,483802,1285,1272,1269,3,4085,4069,16,0,✅ 自然增长
148,902393,百代人生,7.2,30463,29107,1356,27876,26613,1263,62,60,2,0,0,0,0,✅ 自然增长
149,883308,回到大荒,8.6,3505,2150,1355,3898,2770,1128,47,36,11,1197,1196,1,0,✅ 自然增长
150,27902,保卫萝卜,8.0,2426195,2424853,1342,2495517,2495549,-32,3804,3802,2,4181,4181,0,35,🟢 自然增长为主
151,708247,黄油猫,9.7,213401,212065,1336,284080,282640,1440,1634,1633,1,135270,135275,-5,15,🟢 自然增长为主
152,861124,虾仁冒险记,7.6,37569,36234,1335,29996,28959,1037,58,58,0,0,0,0,30,🟢 自然增长为主
153,385070,扫雷,7.8,2197133,2195806,1327,1838286,1837289,997,1276,1276,0,1,1,0,30,🟢 自然增长为主
154,830807,堡垒之战,8.8,36984,35657,1327,31510,30634,876,192,192,0,663,663,0,30,🟢 自然增长为主
155,201633,恋与深空,2.4,9592484,9591163,1321,5308148,5307905,243,254004,253974,30,744454,744460,-6,0,✅ 自然增长
156,223138,萤火突击,7.0,8218382,8217064,1318,5997489,5997501,-12,17630,17630,0,825344,825348,-4,70,🔴 高概率广告导入
157,898394,高中模拟器,8.2,30282,28976,1306,28635,27361,1274,106,96,10,14,12,2,0,✅ 自然增长
158,903548,开局觉醒超神级天赋2,7.6,10917,9621,1296,10339,8763,1576,23,22,1,486,486,0,15,🟢 自然增长为主
159,884513,指点江山,8.4,47210,45936,1274,43281,42135,1146,340,329,11,126,126,0,0,✅ 自然增长
160,840371,堆叠消消乐,8.4,105529,104267,1262,95424,94277,1147,103,103,0,0,0,0,30,🟢 自然增长为主
161,61244,汤姆猫跑酷,7.1,3355108,3353853,1255,3218970,3217350,1620,3137,3135,2,1207,1207,0,0,✅ 自然增长
162,240708,象棋（TapTap测试版）,6.9,1111471,1110224,1247,832570,831620,950,897,897,0,0,0,0,30,🟢 自然增长为主
163,920389,模拟消防指挥中心,0.0,5508,4262,1246,5163,4007,1156,0,0,0,0,0,0,30,🟢 自然增长为主
164,742400,小小冒险家寻宝记,9.4,832618,831374,1244,678845,677916,929,4159,4154,5,65,65,0,0,✅ 自然增长
165,176085,交错战线,7.6,3790315,3789074,1241,2100748,2100738,10,26907,26906,1,639828,639834,-6,55,🟡 可能有广告
166,874896,匡扶汉室,9.0,54998,53759,1239,48740,47673,1067,244,241,3,0,0,0,0,✅ 自然增长
167,171957,练枪皇帝,7.4,4367435,4366202,1233,3365511,3364610,901,1630,1629,1,64,64,0,15,🟢 自然增长为主
168,221321,滑雪大冒险,5.7,2420757,2419526,1231,1962763,1961791,972,2203,2204,-1,0,0,0,30,🟢 自然增长为主
169,364144,世界之外,7.2,4904795,4903570,1225,2801728,2801245,483,25291,25294,-3,431888,431892,-4,40,🟡 可能有广告
170,758056,开局五个亿,6.3,643276,642053,1223,565277,564232,1045,350,350,0,42956,42959,-3,30,🟢 自然增长为主
171,744415,王者荣耀世界,5.9,2627888,2626667,1221,4268027,4267323,704,10425,10428,-3,2858817,2858897,-80,30,🟢 自然增长为主
172,902869,末日囤货30天,0.0,35499,34282,1217,33863,32718,1145,1,0,1,0,0,0,15,🟢 自然增长为主
173,225735,了不起魔塔,9.0,673306,672097,1209,577460,576670,790,2296,2295,1,129714,129704,10,15,🟢 自然增长为主
174,239398,辉烬,8.0,841369,840178,1191,1068920,1068160,760,17570,17552,18,638207,638219,-12,0,✅ 自然增长
175,838249,真实外卖模拟器,7.7,260570,259397,1173,243180,242197,983,416,415,1,0,0,0,15,🟢 自然增长为主
176,898983,外卖单王模拟器,8.8,35267,34096,1171,33181,32129,1052,90,88,2,0,0,0,0,✅ 自然增长
177,201685,卡拉彼丘,8.4,1689220,1688050,1170,2297308,2296765,543,20723,20721,2,1417845,1417858,-13,0,✅ 自然增长
178,374914,境·界 刀鸣,8.5,1034540,1033382,1158,1650599,1650263,336,18204,18188,16,527835,527844,-9,0,✅ 自然增长
179,882007,这栋楼是我的,7.4,90871,89717,1154,81661,80699,962,455,449,6,0,0,0,0,✅ 自然增长
180,238377,祖宗模拟器,9.1,4151585,4150435,1150,3198582,3197767,815,57399,57354,45,64248,64250,-2,0,✅ 自然增长
181,840185,愚公移山,8.8,91967,90819,1148,77574,76709,865,392,391,1,0,0,0,15,🟢 自然增长为主
182,242283,魔法工艺,8.5,686701,685555,1146,632387,631453,934,2027,2024,3,77551,77548,3,0,✅ 自然增长
183,902912,穿越80年代,8.0,45185,44040,1145,45569,44472,1097,223,221,2,0,0,0,0,✅ 自然增长
184,2318,穿越火线-枪战王者,6.1,13307655,13306515,1140,22368378,22368408,-30,38874,38875,-1,20,20,0,70,🔴 高概率广告导入
185,195514,航海王热血航线,6.9,4929403,4928267,1136,3164066,3163490,576,28723,28721,2,478208,478211,-3,0,✅ 自然增长
186,217741,鸡械绿洲,9.2,236835,235717,1118,180760,179999,761,1130,1126,4,77730,77735,-5,0,✅ 自然增长
187,82818,实况足球,5.3,6796752,6795651,1101,1868433,1868433,0,16133,16133,0,57601,57601,0,70,🔴 高概率广告导入
188,921603,TOKEN,8.6,2110,1010,1100,1832,892,940,11,7,4,0,0,0,0,✅ 自然增长
189,840742,SBTI人格测试,8.3,788051,786956,1095,762130,761164,966,1228,1227,1,0,0,0,15,🟢 自然增长为主
190,772281,消消英雄2,9.2,429361,428276,1085,317147,316375,772,4619,4622,-3,9117,9119,-2,30,🟢 自然增长为主
191,874913,小小公寓物语,7.7,15330,14246,1084,14780,13812,968,87,88,-1,1210,1210,0,30,🟢 自然增长为主
192,921634,生态瓶日记,7.9,1572,498,1074,1448,461,987,8,4,4,0,0,0,0,✅ 自然增长
193,897534,逻辑岛,9.5,17586,16517,1069,16013,15027,986,50,48,2,0,0,0,0,✅ 自然增长
194,902348,那年我接手了老爸的工厂,7.2,26510,25455,1055,27624,26636,988,109,106,3,737,738,-1,0,✅ 自然增长
195,898562,诡异复苏,7.8,46320,45273,1047,42943,41981,962,182,178,4,0,0,0,0,✅ 自然增长
196,900993,梦回甄嬛传,6.8,9822,8777,1045,11686,10846,840,48,44,4,5496,5493,3,0,✅ 自然增长
197,793726,HR模拟器（TapTap 测试版）,8.4,141095,140053,1042,128678,127771,907,445,442,3,51581,51543,38,0,✅ 自然增长
198,33189,辐射：避难所,7.7,7800655,7799620,1035,4275509,4275550,-41,15271,15271,0,11983,11983,0,70,🔴 高概率广告导入
199,179371,江南百景图,6.4,19114710,19113679,1031,4839306,4838973,333,89109,89109,0,472947,472948,-1,40,🟡 可能有广告
200,823102,开荒,9.1,165670,164652,1018,128362,127687,675,759,759,0,945,945,0,30,🟢 自然增长为主
201,747818,重返校园,5.8,1815476,1814459,1017,1620994,1620202,792,1582,1582,0,119057,119046,11,30,🟢 自然增长为主
202,783475,时尚百货城,7.6,1255372,1254360,1012,1134937,1134382,555,2444,2441,3,14035,14035,0,0,✅ 自然增长
203,899625,静心拼图,8.4,34043,33034,1009,32509,31578,931,88,86,2,0,0,0,0,✅ 自然增长
204,845749,纸嫁衣9罗浮梦,8.1,917108,916102,1006,899437,898379,1058,10454,10436,18,343225,343238,-13,0,✅ 自然增长
205,204894,霓虹深渊：无限,7.2,10571959,10570955,1004,6147857,6147874,-17,36751,36751,0,2259545,2259553,-8,70,🔴 高概率广告导入
206,903968,篮球巨星模拟器,8.6,27963,26963,1000,25452,25437,15,83,82,1,0,0,0,35,🟢 自然增长为主
207,892137,我的火比你的更大,8.9,77087,76089,998,71107,70212,895,281,279,2,0,0,0,0,✅ 自然增长
208,381796,超级收纳馆,5.6,1719829,1718832,997,1350009,1349269,740,1088,1088,0,20662,20657,5,0,✅ 自然增长
209,172095,未定事件簿,7.5,4498258,4497263,995,2652209,2651805,404,30958,30959,-1,259807,259807,0,0,✅ 自然增长
210,865802,正经的扫雷大冒险,9.0,38955,37963,992,34902,34043,859,230,227,3,2766,2767,-1,0,✅ 自然增长
211,84851,闪耀暖暖,6.4,5427582,5426595,987,3102043,3101579,464,38731,38731,0,433033,433034,-1,0,✅ 自然增长
212,256328,海底大猎杀,5.0,5003648,5002661,987,3417118,3416441,677,3218,3217,1,0,0,0,0,✅ 自然增长
213,79068,忍者必须死3,5.8,8769477,8768491,986,5846219,5845607,612,89827,89822,5,99846,99846,0,0,✅ 自然增长
214,895560,设身处地,8.8,75220,74235,985,68059,67207,852,364,359,5,0,0,0,0,✅ 自然增长
215,239090,如鸢,6.4,2792413,2791430,983,2973159,2972870,289,31333,31319,14,1987492,1987509,-17,0,✅ 自然增长
216,917648,掘进,9.2,4299,3319,980,3764,2914,850,35,28,7,9,5,4,0,✅ 自然增长
217,895544,伐木模拟器,8.9,49327,48349,978,42368,41613,755,116,116,0,0,0,0,0,✅ 自然增长
218,239419,大侠立志传,8.5,2001580,2000604,976,1474177,1473602,575,11795,11790,5,494033,494040,-7,0,✅ 自然增长
219,71417,人类跌落梦境,7.2,7636815,7635847,968,11182333,11181991,342,92993,92994,-1,6986343,6986349,-6,0,✅ 自然增长
220,176581,无悔华夏,7.3,2970861,2969893,968,2741810,2741127,683,21788,21780,8,1007678,1007683,-5,0,✅ 自然增长
221,232480,不一样的修仙宗门2,9.2,2412203,2411239,964,1741876,1741968,-92,74447,74443,4,46241,46240,1,0,✅ 自然增长
222,867071,翡翠传奇：赌石人生模拟,8.7,109345,108382,963,100173,99362,811,464,464,0,4,4,0,0,✅ 自然增长
223,740298,白日梦想屋,9.4,470773,469814,959,396034,395414,620,2173,2169,4,216507,216509,-2,0,✅ 自然增长
224,880247,百世家族·轮回修仙,7.7,42869,41910,959,37557,36741,816,197,197,0,0,0,0,0,✅ 自然增长
225,10056,崩坏3,6.6,25110106,25109149,957,9873857,9873883,-26,153168,153167,1,118299,118299,0,0,✅ 自然增长
226,786394,心跳陷落,7.4,547945,546991,954,667768,667795,-27,3409,3395,14,362115,362127,-12,0,✅ 自然增长
227,192705,荒野乱斗,5.4,3076431,3075481,950,6018015,6018082,-67,10985,10982,3,0,0,0,0,✅ 自然增长
228,894446,咯咯哒农场,8.4,29476,28528,948,26024,25221,803,132,131,1,0,0,0,0,✅ 自然增长
229,790816,疯狂水世界,5.2,201293,200354,939,251450,250493,957,547,546,1,12783,12784,-1,0,✅ 自然增长
230,330588,疾风骑士,8.5,3081119,3080191,928,1926195,1925694,501,11481,11479,2,18306,18307,-1,0,✅ 自然增长
231,827211,遗产拍卖行,6.5,553453,552538,915,497283,496554,729,3386,3381,5,0,0,0,0,✅ 自然增长
232,888497,扮演天道,8.5,67852,66940,912,59713,58935,778,457,453,4,0,0,0,0,✅ 自然增长
233,775759,赘婿,7.0,152889,151982,907,215670,215097,573,589,584,5,149383,149418,-35,0,✅ 自然增长
234,742551,龙魂旅人,8.1,1032158,1031259,899,878414,878376,38,12292,12281,11,316108,316118,-10,0,✅ 自然增长
235,70882,猫和老鼠,7.8,8939140,8938244,896,6989862,6989920,-58,41727,41728,-1,248999,249000,-1,0,✅ 自然增长
236,238437,背包英雄,9.3,522628,521733,895,434271,433612,659,2249,2243,6,68443,68446,-3,0,✅ 自然增长
237,721128,百炼英雄,7.1,365605,364710,895,289340,288662,678,1660,1655,5,6419,6420,-1,0,✅ 自然增长
238,749668,元启世界,8.3,336540,335645,895,242851,242278,573,2677,2673,4,25721,25722,-1,0,✅ 自然增长
239,382756,剑网3无界,8.1,2741805,2740911,894,1774989,1774924,65,23145,23143,2,1013186,1013200,-14,0,✅ 自然增长
240,220156,元气骑士前传,5.6,5769333,5768440,893,6148153,6147879,274,98160,98160,0,2767335,2767345,-10,0,✅ 自然增长
241,713683,永远的蔚蓝星球,7.9,728431,727539,892,561545,560920,625,9615,9607,8,28778,28778,0,0,✅ 自然增长
242,235001,黎明前20分钟,8.3,3427457,3426566,891,2212683,2212460,223,20519,20516,3,90518,90520,-2,0,✅ 自然增长
243,758354,大道仙途,8.1,246633,245749,884,218139,217575,564,1893,1890,3,82811,82816,-5,0,✅ 自然增长
244,431173,极简塔防,9.3,1795650,1794769,881,1555243,1554607,636,3329,3326,3,32241,32234,7,0,✅ 自然增长
245,55618,QQ飞车,7.5,11246730,11245853,877,18610512,18610609,-97,41035,41034,1,640522,640522,0,0,✅ 自然增长
246,751613,小岛日记,8.0,331445,330572,873,295278,294663,615,1709,1706,3,175712,175720,-8,0,✅ 自然增长
247,886560,三国：合字成军,8.5,43020,42147,873,37347,36650,697,64,64,0,0,0,0,0,✅ 自然增长
248,31597,碧蓝航线,9.1,7286821,7285950,871,4448794,4448801,-7,47636,47635,1,32950,32950,0,0,✅ 自然增长
249,59520,明日之后,5.1,14119928,14119062,866,7539279,7539240,39,254277,254277,0,2129337,2129338,-1,0,✅ 自然增长
250,205430,沙盒勇者,9.6,1501906,1501043,863,935247,934670,577,13794,13789,5,223,223,0,0,✅ 自然增长
251,153415,音乐世界赛特斯2,9.3,12243823,12242961,862,6416410,6416369,41,46847,46847,0,73904,73904,0,0,✅ 自然增长
252,786662,网恋模拟器,7.0,601866,601005,861,490409,489741,668,495,495,0,2,2,0,0,✅ 自然增长
253,188393,破门而入：行动小队,8.3,720162,719303,859,894848,894300,548,1571,1571,0,191404,191406,-2,0,✅ 自然增长
254,753312,前线模拟战,9.2,727833,726981,852,561285,560674,611,5802,5797,5,15,15,0,0,✅ 自然增长
255,899155,逃出后室,7.0,71500,70650,850,69861,69036,825,67,67,0,0,0,0,0,✅ 自然增长
256,807411,缠重山3窃天局,8.3,14212,13362,850,24285,23804,481,185,174,11,19818,19831,-13,0,✅ 自然增长
257,712249,手办模特,8.4,5052033,5051185,848,4147256,4146617,639,2425,2424,1,152845,152846,-1,0,✅ 自然增长
258,383776,我的收纳摊,7.7,2030755,2029910,845,1577527,1576950,577,1060,1060,0,0,0,0,0,✅ 自然增长
259,240587,暖雪,8.1,3839758,3838917,841,2697605,2697014,591,13970,13967,3,360195,360198,-3,0,✅ 自然增长
260,249107,弈仙牌,8.2,1416805,1415968,837,866180,865801,379,5958,5958,0,212332,212334,-2,0,✅ 自然增长
261,865519,赵云与阿斗,6.1,459288,458451,837,393874,393143,731,1556,1555,1,1009,1009,0,0,✅ 自然增长
262,844711,五子棋,7.6,101657,100822,835,96433,95654,779,115,114,1,0,0,0,0,✅ 自然增长
263,898455,猎海航路,9.7,4822,3987,835,4463,3732,731,22,22,0,0,0,0,0,✅ 自然增长
264,202406,生存战争,8.5,1198490,1197656,834,680359,679743,616,10103,10100,3,15,15,0,0,✅ 自然增长
265,835327,全域突击,9.3,312709,311875,834,249381,248772,609,792,792,0,345,345,0,0,✅ 自然增长
266,4682,率土之滨,5.9,3323409,3322577,832,2182270,2181734,536,21174,21174,0,0,0,0,0,✅ 自然增长
267,904574,弹珠机乐园,9.0,15586,14755,831,14642,13860,782,60,58,2,0,0,0,0,✅ 自然增长
268,739840,时隙之旅,6.0,220555,219728,827,215772,215205,567,1720,1717,3,143303,143308,-5,0,✅ 自然增长
269,230041,未来人生,8.5,859876,859052,824,512064,511759,305,7496,7494,2,95598,95601,-3,0,✅ 自然增长
270,235099,无猜扫雷（TapTap测试版）,8.8,1102273,1101452,821,795122,794609,513,2153,2152,1,236,236,0,0,✅ 自然增长
271,795303,Kiss And Cry：我的女友脑子有问题,9.5,1447,635,812,6758,6272,486,21,21,0,5861,5866,-5,0,✅ 自然增长
272,388796,我有一个末日安全屋,5.3,158070,157265,805,303617,302901,716,1488,1486,2,268290,268325,-35,0,✅ 自然增长
273,381321,决胜巅峰,6.1,1774039,1773239,800,1714105,1713741,364,7030,7026,4,642550,642554,-4,0,✅ 自然增长
274,766244,小兵三选一,9.0,521352,520554,798,455528,454909,619,6166,6157,9,86,86,0,0,✅ 自然增长
275,743961,我在地府打麻将,8.8,499414,498617,797,392714,392206,508,872,871,1,23447,23449,-2,0,✅ 自然增长
276,209273,下一站江湖Ⅱ,8.8,397276,396480,796,683749,683281,468,16078,16059,19,530718,530726,-8,0,✅ 自然增长
277,919643,城南旧货模拟器,8.3,1771,980,791,1625,893,732,6,6,0,5,5,0,0,✅ 自然增长
278,761627,盛世天下：女帝篇,7.7,1318160,1317372,788,1041303,1040639,664,2707,2707,0,34237,34239,-2,0,✅ 自然增长
279,183321,偶像梦幻祭2,7.7,3317604,3316821,783,1809198,1808820,378,9569,9567,2,154673,154673,0,0,✅ 自然增长
280,38128,盗墓长生印,9.5,3261920,3261144,776,1883527,1883033,494,61820,61817,3,102645,102646,-1,0,✅ 自然增长
281,716674,盗墓笔记：启程,6.5,247057,246281,776,526050,525660,390,1668,1667,1,430910,430961,-51,0,✅ 自然增长
282,816605,修仙前传,9.3,230719,229946,773,203613,203066,547,1042,1040,2,0,0,0,0,✅ 自然增长
283,158596,驾考模拟：老司机之路,6.3,4548376,4547604,772,2236303,2236276,27,1947,1946,1,0,0,0,0,✅ 自然增长
284,186316,光与夜之恋,7.7,4589576,4588805,771,3603603,3603187,416,33544,33540,4,270971,270972,-1,0,✅ 自然增长
285,211956,闪耀！优俊少女,8.0,848982,848215,767,1673596,1673665,-69,5201,5199,2,706434,706438,-4,0,✅ 自然增长
286,898213,日月将沉,8.9,23964,23198,766,22099,21398,701,132,125,7,0,0,0,0,✅ 自然增长
287,229435,全面憨憨战争模拟器,8.5,2405823,2405061,762,2115220,2114975,245,13857,13853,4,1312824,1312827,-3,0,✅ 自然增长
288,851434,练枪大师,7.9,439600,438839,761,353967,353294,673,158,158,0,0,0,0,0,✅ 自然增长
289,228792,城市公交模拟器,6.9,3023329,3022571,758,2109903,2109355,548,2415,2413,2,4627,4627,0,0,✅ 自然增长
290,837881,伪人超市,7.0,118409,117651,758,119281,118531,750,88,88,0,0,0,0,0,✅ 自然增长
291,732091,火山的女儿：再度重逢,9.5,783101,782349,752,1098509,1098035,474,5473,5470,3,710277,710290,-13,0,✅ 自然增长
292,918993,相亲模拟器,7.0,5109,4359,750,4861,4147,714,8,8,0,0,0,0,0,✅ 自然增长
293,921910,增量炸山矿,0.0,1194,445,749,1007,374,633,4,1,3,0,0,0,0,✅ 自然增长
294,40337,石油大亨,5.3,3690375,3689628,747,2249498,2249029,469,6149,6148,1,273003,273004,-1,0,✅ 自然增长
295,910054,落叶清理,7.4,5955,5208,747,5741,5039,702,159,137,22,388,374,14,0,✅ 自然增长
296,905744,伪人婚介所,8.7,13984,13238,746,12750,12061,689,32,31,1,0,0,0,0,✅ 自然增长
297,749667,三国志将星闪耀,7.5,56583,55838,745,55375,55435,-60,812,800,12,33368,33381,-13,0,✅ 自然增长
298,919765,明末：从流民小兵开始无双,8.1,2605,1861,744,2379,1705,674,18,12,6,0,0,0,0,✅ 自然增长
299,67396,失落城堡,8.5,11089985,11089243,742,5343543,5343553,-10,68659,68656,3,606520,606520,0,0,✅ 自然增长
300,254656,找到下一关,8.9,1398037,1397295,742,1243759,1243813,-54,1035,1034,1,61,61,0,0,✅ 自然增长
301,231342,创游世界,7.0,6758545,6757806,739,4833490,4832704,786,2887,2886,1,20,20,0,0,✅ 自然增长
302,12965,疯狂动物园,5.4,2327425,2326686,739,2453808,2452795,1013,4123,4123,0,534,534,0,0,✅ 自然增长
303,898113,边境佣兵,9.2,25673,24937,736,22674,22046,628,162,158,4,67,67,0,0,✅ 自然增长
304,729769,离线小游戏,9.0,1784575,1783843,732,1383482,1383042,440,4587,4584,3,18509,18505,4,0,✅ 自然增长
305,387841,阿瑞斯病毒2,6.5,1137600,1136871,729,1030771,1030382,389,10508,10507,1,398337,398340,-3,0,✅ 自然增长
306,222089,尘白禁区,7.8,12841542,12840814,728,7178724,7178771,-47,45412,45411,1,1824694,1824702,-8,0,✅ 自然增长
307,875520,小兵的故事,7.5,58508,57780,728,51214,50609,605,98,95,3,0,0,0,0,✅ 自然增长
308,14461,道友请留步,8.4,4912667,4911941,726,2264223,2264003,220,20948,20945,3,4,4,0,0,✅ 自然增长
309,215836,车祸模拟器,4.4,3628088,3627366,722,2233863,2233422,441,2117,2117,0,0,0,0,0,✅ 自然增长
310,915282,总统府之夜,8.3,17647,16925,722,16676,15997,679,53,55,-2,0,0,0,0,✅ 自然增长
311,876002,越跳越有钱,7.8,89393,88672,721,76698,76155,543,516,513,3,0,0,0,0,✅ 自然增长
312,890566,这块石头值千万,8.1,22773,22055,718,21736,21073,663,27,27,0,126,126,0,0,✅ 自然增长
313,759910,Ballex²: The Hanging Gardens,8.7,423194,422477,717,356225,355634,591,725,722,3,216,216,0,0,✅ 自然增长
314,234968,异象回声,8.3,913589,912877,712,818222,817852,370,7761,7760,1,339724,339729,-5,0,✅ 自然增长
315,833694,修仙宗门搜打撤,7.3,195587,194878,709,173442,172813,629,607,603,4,20844,20846,-2,0,✅ 自然增长
316,145396,三国杀：一将成名,3.4,790786,790080,706,1155973,1155408,565,6127,6125,2,95932,95932,0,0,✅ 自然增长
317,313622,冲呀！饼干人：王国,7.1,1986314,1985610,704,1892196,1891888,308,4953,4952,1,425196,425199,-3,0,✅ 自然增长
318,159209,重建家园,7.3,2097506,2096804,702,1139348,1138966,382,4612,4612,0,40871,40871,0,0,✅ 自然增长
319,13910,贪吃蛇大作战,6.6,4365369,4364669,700,7037852,7036294,1558,6758,6760,-2,0,0,0,0,✅ 自然增长
320,492944,猫神牧场,9.2,561546,560848,698,473429,472806,623,11455,11456,-1,137063,137065,-2,0,✅ 自然增长
321,381991,贪婪大地,7.4,463106,462410,696,351440,350909,531,837,835,2,26163,26165,-2,0,✅ 自然增长
322,387264,七日世界,6.4,2525027,2524334,693,2417494,2417020,474,7724,7720,4,1005571,1005585,-14,0,✅ 自然增长
323,909962,包塘模拟器,8.5,12049,11356,693,11106,10461,645,40,37,3,1,1,0,0,✅ 自然增长
324,213181,深空之眼,8.7,8433411,8432720,691,3975033,3974885,148,164738,164737,1,653277,653278,-1,0,✅ 自然增长
325,915977,别饿着！点外卖模拟器,7.7,25494,24806,688,24144,23529,615,42,41,1,0,0,0,0,✅ 自然增长
326,227064,欢迎来到梦乐园,8.4,1207937,1207250,687,954177,954180,-3,6393,6392,1,376621,376623,-2,0,✅ 自然增长
327,468447,暴吵萌厨,6.7,2776289,2775604,685,2240627,2240219,408,5171,5171,0,782662,782667,-5,0,✅ 自然增长
328,889889,永夜起源,6.4,12020,11336,684,16698,15791,907,95,91,4,10888,10907,-19,0,✅ 自然增长
329,734557,我的卡牌商店,8.7,1941190,1940507,683,1459716,1459302,414,14724,14716,8,9,9,0,0,✅ 自然增长
330,228050,重建生存营地,9.0,450115,449432,683,351718,351267,451,3618,3617,1,49982,49981,1,0,✅ 自然增长
331,207018,锚点降临,6.8,1531038,1530359,679,1704760,1704121,639,10550,10548,2,1036647,1036649,-2,0,✅ 自然增长
332,6987,雷霆战机：集结,6.2,1029338,1028660,678,818550,818243,307,6008,6007,1,100913,100914,-1,0,✅ 自然增长
333,84463,逆战：未来,6.2,1725329,1724653,676,3947632,3947625,7,13573,13571,2,2153626,2153655,-29,0,✅ 自然增长
334,912677,黑洞无限大,8.5,8542,7871,671,7443,6853,590,26,25,1,0,0,0,0,✅ 自然增长
335,896631,萌萌地下城：属性叠属性,9.1,2511,1841,670,2314,1699,615,21,16,5,123,123,0,0,✅ 自然增长
336,99224,逃跑吧！少年,7.5,7697255,7696588,667,5498998,5499089,-91,16360,16358,2,10537,10537,0,0,✅ 自然增长
337,713640,问剑长生,7.4,1703549,1702887,662,1064333,1064069,264,8204,8197,7,178111,178116,-5,0,✅ 自然增长
338,231086,异世轮回录,9.0,2123350,2122689,661,1437612,1437214,398,12035,12034,1,53771,53772,-1,0,✅ 自然增长
339,901050,推理密码,9.6,34156,33495,661,31947,31339,608,58,57,1,1,1,0,0,✅ 自然增长
340,759961,江城创业记,7.8,25137,24478,659,72836,72266,570,550,546,4,58196,58203,-7,0,✅ 自然增长
341,218343,双相,9.3,1200035,1199377,658,1086066,1085558,508,3854,3854,0,73396,73396,0,0,✅ 自然增长
342,822335,太刀对决,7.3,368767,368110,657,348109,347534,575,278,277,1,8,8,0,0,✅ 自然增长
343,909114,排长崛起,8.3,24072,23415,657,22174,21596,578,57,53,4,0,0,0,0,✅ 自然增长
344,31429,跳舞的线,9.2,8995638,8994982,656,4224912,4225016,-104,89458,89459,-1,29419,29419,0,0,✅ 自然增长
345,915811,华夏创世神,8.0,7868,7217,651,7226,6639,587,34,31,3,0,0,0,0,✅ 自然增长
346,759688,卡厄思梦境,7.2,1206329,1205679,650,1387113,1387129,-16,15363,15353,10,894802,894848,-46,0,✅ 自然增长
347,810170,织梦森林,7.6,497377,496727,650,291367,291418,-51,615,613,2,21318,21318,0,0,✅ 自然增长
348,739679,小镇黑洞,5.2,769584,768936,648,667920,668258,-338,303,303,0,0,0,0,0,✅ 自然增长
349,12982,命运-冠位指定,7.9,5957353,5956706,647,3471112,3471038,74,36458,36458,0,17286,17286,0,0,✅ 自然增长
350,225233,最佳球会,6.4,680198,679552,646,592813,592688,125,1852,1851,1,11528,11529,-1,0,✅ 自然增长
351,216941,遨游城市遨游中国卡车模拟器,4.9,4821159,4820516,643,2795084,2794628,456,4928,4928,0,0,0,0,0,✅ 自然增长
352,175600,动物餐厅,8.6,2893464,2892822,642,1842419,1841928,491,20263,20262,1,33717,33717,0,0,✅ 自然增长
353,748842,乱涂彩世界,8.6,1322583,1321944,639,1600358,1599786,572,24480,24521,-41,494476,494490,-14,0,✅ 自然增长
354,758543,地毯清理大师,6.4,364821,364182,639,343341,342766,575,211,211,0,0,0,0,0,✅ 自然增长
355,890404,五千元创业,8.4,92810,92172,638,87514,86964,550,472,471,1,0,0,0,0,✅ 自然增长
356,922234,全球异变：我猎食基因成神,0.0,1408,770,638,1265,705,560,0,0,0,0,0,0,0,✅ 自然增长
357,906853,世界桌游馆,6.2,12078,11441,637,11486,10866,620,12,12,0,1,1,0,0,✅ 自然增长
358,849668,怨楼,8.9,193724,193097,627,180153,179623,530,1489,1487,2,31184,31184,0,0,✅ 自然增长
359,866286,足球经理：冠军之路,9.3,92468,91841,627,82665,82184,481,678,672,6,0,0,0,0,✅ 自然增长
360,867672,迷雾岛屿求生,8.6,77667,77040,627,68175,67636,539,424,422,2,26,26,0,0,✅ 自然增长
361,88544,奥比岛：梦想国度,7.5,2874915,2874290,625,2584067,2583678,389,25823,25819,4,736420,736424,-4,0,✅ 自然增长
362,811705,续杯咖啡,9.3,320314,319690,624,290649,290159,490,1611,1610,1,52176,52177,-1,0,✅ 自然增长
363,891068,终场前：足球生涯,8.6,27560,26937,623,25053,24545,508,111,109,2,0,0,0,0,✅ 自然增长
364,280674,胡桃日记,9.1,1496491,1495869,622,1099271,1098931,340,10376,10372,4,298839,298843,-4,0,✅ 自然增长
365,919322,我才是篮球之神,9.0,1331,710,621,1269,686,583,6,4,2,0,0,0,0,✅ 自然增长
366,231390,纸牌接龙（TapTap测试版）,7.5,839578,838959,619,628064,627596,468,948,948,0,1709,1706,3,0,✅ 自然增长
367,730946,大话蜀山,9.0,423940,423321,619,281108,281058,50,1893,1891,2,2991,2991,0,0,✅ 自然增长
368,229552,小生活-悠闲小镇物语,8.3,1996823,1996205,618,1424703,1424351,352,5270,5270,0,181876,181879,-3,0,✅ 自然增长
369,822793,咯咯哒流水线,8.0,121445,120827,618,103235,102729,506,464,462,2,3184,3185,-1,0,✅ 自然增长
370,547975,超维进化,7.4,108108,107494,614,75603,75072,531,500,500,0,39253,39257,-4,0,✅ 自然增长
371,753196,遗弃之地,4.8,640071,639460,611,1117543,1116986,557,3588,3582,6,15818,15818,0,0,✅ 自然增长
372,236053,海龟蘑菇汤,9.1,3552574,3551965,609,2785491,2785134,357,5439,5439,0,2403,2403,0,0,✅ 自然增长
373,784329,生存33天,6.2,902873,902264,609,604030,604161,-131,1746,1746,0,128032,128037,-5,0,✅ 自然增长
374,169380,真实公路摩托锦标赛,5.9,1759991,1759383,608,984795,984397,398,913,913,0,959,959,0,0,✅ 自然增长
375,352408,选技大乱斗,8.3,131262,130654,608,131266,130836,430,923,918,5,56144,56148,-4,0,✅ 自然增长
376,147513,挨饿荒野,8.1,3690140,3689533,607,2254873,2254430,443,7412,7412,0,1582,1582,0,0,✅ 自然增长
377,221779,地下城堡3：魂之诗,6.9,1514342,1513735,607,760182,760314,-132,20633,20633,0,83067,83070,-3,0,✅ 自然增长
378,882064,直播卖古董第一人,8.4,18554,17947,607,16494,16008,486,68,67,1,0,0,0,0,✅ 自然增长
379,234605,驾考模拟器,4.7,344008,343402,606,261527,261507,20,139,138,1,3376,3373,3,0,✅ 自然增长
380,78938,百分之一,9.6,1966993,1966389,604,1259130,1258826,304,24677,24665,12,244343,244345,-2,0,✅ 自然增长
381,917505,病毒公司超级病毒模拟器,0.0,5982,5380,602,5507,4948,559,0,0,0,0,0,0,0,✅ 自然增长
382,877746,每秒1属性，3天打爆星河,8.0,26235,25636,599,21551,21116,435,82,82,0,0,0,0,0,✅ 自然增长
383,173797,时空中的绘旅人,8.5,4235305,4234707,598,2250173,2250136,37,21258,21258,0,247018,247018,0,0,✅ 自然增长
384,912003,一念仙途,8.2,7197,6600,597,6525,5977,548,31,29,2,0,0,0,0,✅ 自然增长
385,232279,放开茶叶蛋,8.8,1267222,1266628,594,1074200,1074305,-105,641,641,0,548,548,0,0,✅ 自然增长
386,921116,诡域摸金：我有一间古董屋,9.2,1487,894,593,1316,784,532,21,12,9,0,0,0,0,✅ 自然增长
387,813133,善良都市,4.5,431403,430812,591,391635,391089,546,668,668,0,94225,94150,75,0,✅ 自然增长
388,6965,奇迹暖暖,7.8,3053583,3052994,589,2123025,2123052,-27,11281,11282,-1,1,1,0,0,✅ 自然增长
389,238828,喵喵妙妙塔：数涂,9.0,726356,725767,589,512272,511856,416,6884,6883,1,2048,2049,-1,0,✅ 自然增长
390,779214,搜打撤模拟器,8.6,494556,493967,589,414755,414346,409,1497,1496,1,36953,36949,4,0,✅ 自然增长
391,871108,彩虹拼豆,8.7,21338,20750,588,19742,19174,568,43,42,1,0,0,0,0,✅ 自然增长
392,229805,割绳子玩穿越,6.4,833228,832642,586,535270,535273,-3,368,368,0,820,820,0,0,✅ 自然增长
393,206030,丧尸派对,9.0,1244222,1243638,584,901252,901276,-24,9175,9174,1,21464,21465,-1,0,✅ 自然增长
394,884773,细胞变异模拟器,8.0,47660,47076,584,42343,41849,494,60,60,0,0,0,0,0,✅ 自然增长
395,214603,星际猎人,5.8,2227734,2227151,583,1399356,1398975,381,9077,9076,1,83996,83997,-1,0,✅ 自然增长
396,772773,莫比乌斯之恋,8.6,559769,559186,583,502762,502200,562,451,451,0,29416,29419,-3,0,✅ 自然增长
397,190417,物华弥新,7.6,2255022,2254441,581,2166061,2165844,217,14168,14168,0,767293,767301,-8,0,✅ 自然增长
398,786942,我在CS卖饰品,8.1,567850,567273,577,510878,510413,465,616,616,0,48065,48060,5,0,✅ 自然增长
399,753847,绳子消除,6.1,362732,362155,577,315091,314616,475,285,285,0,0,0,0,0,✅ 自然增长
400,802351,谁淹了我的世界,7.6,118096,117519,577,102989,102580,409,550,548,2,25376,25382,-6,0,✅ 自然增长
401,187376,最强蜗牛,6.0,3781337,3780767,570,2661424,2661161,263,33660,33658,2,390587,390587,0,0,✅ 自然增长
402,392133,战地1939,6.1,3900113,3899544,569,2537660,2537271,389,1343,1342,1,118967,118945,22,0,✅ 自然增长
403,863241,失落秘境（TapTap 测试版）,9.3,51063,50496,567,41343,40888,455,1609,1593,16,7304,7304,0,0,✅ 自然增长
404,242139,全明星街球派对,6.6,1927983,1927419,564,1491739,1491494,245,2877,2877,0,81428,81429,-1,0,✅ 自然增长
405,867847,末日来临：30天倒计时,7.8,20522,19960,562,18569,18048,521,86,84,2,0,0,0,0,✅ 自然增长
406,781216,挖穿这颗星球,0.0,8044,7482,562,6992,6827,165,0,0,0,0,0,0,0,✅ 自然增长
407,18356,纪念碑谷,9.7,5130715,5130155,560,3614142,3614192,-50,22803,22803,0,3,3,0,0,✅ 自然增长
408,82921,万国觉醒,8.2,2295244,2294686,558,1606012,1605638,374,31411,31407,4,129679,129679,0,0,✅ 自然增长
409,169054,烟雨江湖,5.9,1983303,1982745,558,960451,960446,5,20977,20974,3,38825,38825,0,0,✅ 自然增长
410,197206,橡子屋,8.9,1158220,1157664,556,857456,857063,393,8540,8532,8,238661,238664,-3,0,✅ 自然增长
411,714518,兽人领地,9.2,422448,421896,552,368903,368899,4,311,311,0,466,466,0,0,✅ 自然增长
412,902981,蜀汉重生:尸末三国,8.3,5358,4806,552,4525,4068,457,34,33,1,64,66,-2,0,✅ 自然增长
413,219923,太空杀,6.2,8157449,8156904,545,7098255,7097539,716,12853,12850,3,0,0,0,0,✅ 自然增长
414,921604,翻来翻去,8.1,1405,862,543,1258,777,481,7,5,2,0,0,0,0,✅ 自然增长
415,749210,雨天,9.6,708777,708235,542,587640,587197,443,2365,2363,2,35,35,0,0,✅ 自然增长
416,863880,命运代码：侵入,9.6,62875,62333,542,73495,72833,662,423,423,0,28521,28524,-3,0,✅ 自然增长
417,65333,汉末霸业,8.3,2703657,2703116,541,1295184,1295082,102,31165,31166,-1,80760,80760,0,0,✅ 自然增长
418,507609,二次元氪金模拟2,7.2,1646508,1645968,540,1105390,1105468,-78,1910,1908,2,2074,2074,0,0,✅ 自然增长
419,921765,宿舍舍管模拟器,0.0,1222,683,539,1166,646,520,2,2,0,0,0,0,0,✅ 自然增长
420,301888,Milthm（TapTap测试版）,9.5,2170130,2169592,538,1260700,1260427,273,5385,5384,1,125611,125612,-1,0,✅ 自然增长
421,898158,只搜不打不撤,8.2,22015,21477,538,19546,19077,469,90,89,1,0,0,0,0,✅ 自然增长
422,200168,小说家模拟2,7.6,2694394,2693859,535,1555050,1554746,304,6065,6065,0,36551,36551,0,0,✅ 自然增长
423,891653,木筏生存：抛与钓,8.3,32241,31707,534,28487,28041,446,111,111,0,0,0,0,0,✅ 自然增长
424,37121,活下去,9.0,4930018,4929486,532,2415547,2415347,200,14522,14522,0,16743,16743,0,0,✅ 自然增长
425,380356,寻道大千,4.7,3649078,3648546,532,2173405,2173424,-19,3810,3809,1,3261,3261,0,0,✅ 自然增长
426,225869,满庭芳・宋上繁华,7.8,74636,74106,530,386936,386640,296,1328,1327,1,376784,376818,-34,0,✅ 自然增长
427,281478,锦绣商铺,9.5,154152,153623,529,118753,118658,95,1062,1056,6,2325,2325,0,0,✅ 自然增长
428,774186,绯月絮语,8.3,623538,623010,528,735093,734681,412,4671,4669,2,308953,308959,-6,0,✅ 自然增长
429,7057,节奏大师,7.7,4590909,4590382,527,5846532,5845740,792,12288,12287,1,166511,166512,-1,0,✅ 自然增长
430,240763,兔了个兔,6.8,1067833,1067306,527,774356,773973,383,1197,1197,0,767,767,0,0,✅ 自然增长
431,60187,王国纪元,6.3,2758902,2758376,526,875301,875131,170,4570,4570,0,1483,1483,0,0,✅ 自然增长
432,201173,律动轨迹,9.1,1617670,1617149,521,1292635,1292364,271,11327,11324,3,484834,484838,-4,0,✅ 自然增长
433,889086,你画我猜,7.9,18900,18381,519,18226,17720,506,71,69,2,6,6,0,0,✅ 自然增长
434,730109,黑神话像素版,9.4,1905327,1904809,518,1773678,1773294,384,4064,4064,0,31997,31989,8,0,✅ 自然增长
435,719781,斗罗大陆：猎魂世界,7.1,2011331,2010817,514,1758299,1758355,-56,10272,10265,7,716177,716188,-11,0,✅ 自然增长
436,228044,逐鹿,7.4,579889,579376,513,361872,361677,195,6016,6011,5,137120,137121,-1,0,✅ 自然增长
437,766691,万华律,8.6,73045,72533,512,74221,73909,312,583,582,1,49230,49235,-5,0,✅ 自然增长
438,29462,弓箭手大作战,7.0,9557438,9556928,510,3492475,3492080,395,24117,24117,0,15263,15263,0,0,✅ 自然增长
439,231220,房间的秘密,9.4,1646227,1645717,510,1287774,1287747,27,8437,8436,1,12732,12733,-1,0,✅ 自然增长
440,873740,武侠模拟器：闯荡江湖,8.5,35252,34748,504,27283,26927,356,140,139,1,0,0,0,0,✅ 自然增长
441,804666,想成为Galgame领域大神！！！,9.4,370869,370368,501,326988,326535,453,816,815,1,5909,5908,1,0,✅ 自然增长
442,185808,密室逃脱绝境系列10寻梦大作战,8.5,782124,781624,500,496840,496459,381,3542,3541,1,36439,36439,0,0,✅ 自然增长
443,243523,摄影师模拟,6.2,1930650,1930151,499,1534645,1534242,403,870,870,0,47,47,0,0,✅ 自然增长
444,820339,小城茉莉,9.7,41874,41376,498,39389,38915,474,278,276,2,0,0,0,0,✅ 自然增长
445,904220,矿石粉碎者,6.2,13791,13293,498,12552,12106,446,37,36,1,0,0,0,0,✅ 自然增长
446,734006,合数,9.1,241619,241124,495,214154,213751,403,388,387,1,0,0,0,0,✅ 自然增长
447,812707,繁盛时代,7.9,78756,78263,493,64754,64334,420,359,356,3,24171,24165,6,0,✅ 自然增长
448,239880,无尽噩梦5怨灵咒,8.8,4811940,4811449,491,2717984,2717626,358,15173,15173,0,14010,14010,0,0,✅ 自然增长
449,781790,Atana,8.8,575273,574782,491,529919,529514,405,1437,1435,2,9714,9712,2,0,✅ 自然增长
450,5,神庙逃亡2,6.1,1126390,1125900,490,2390897,2390193,704,2201,2201,0,22,22,0,0,✅ 自然增长
451,884301,一念飞升,9.0,52930,52440,490,47865,47438,427,176,175,1,0,0,0,0,✅ 自然增长
452,222638,战地1914,6.7,4641403,4640914,489,2699304,2699308,-4,5343,5344,-1,364,364,0,0,✅ 自然增长
453,323998,无间梦境,9.1,2692187,2691699,488,2639902,2639960,-58,18312,18311,1,357154,357156,-2,0,✅ 自然增长
454,203729,远光84,6.5,1398394,1397907,487,1771924,1771678,246,4501,4499,2,585954,585962,-8,0,✅ 自然增长
455,51645,创造与魔法,6.5,4697618,4697132,486,2562049,2561781,268,27504,27504,0,207926,207926,0,0,✅ 自然增长
456,903376,模拟高中：我是校长,9.0,12377,11895,482,11389,10948,441,44,43,1,0,0,0,0,✅ 自然增长
457,920530,你的心理年龄多少岁,10.0,2146,1665,481,2028,1581,447,13,13,0,0,0,0,0,✅ 自然增长
458,365281,房间的秘密3：女团回归夜,9.1,1133111,1132633,478,913889,913523,366,4583,4581,2,45518,45520,-2,0,✅ 自然增长
459,836563,这山有绝世武功,9.3,46527,46054,473,37582,37665,-83,203,203,0,0,0,0,0,✅ 自然增长
460,280882,降维打击（TapTap测试版）,8.8,857245,856773,472,658150,657825,325,2071,2069,2,732,732,0,0,✅ 自然增长
461,55012,狼人杀-官方正版,6.0,3765057,3764586,471,2971844,2971871,-27,7691,7690,1,25213,25213,0,0,✅ 自然增长
462,190784,大周列国志,7.5,1161559,1161089,470,867532,867285,247,5868,5868,0,205605,205607,-2,0,✅ 自然增长
463,176897,逃离公司3,8.3,1015506,1015036,470,820263,819877,386,1093,1091,2,2465,2465,0,0,✅ 自然增长
464,903441,回转寿司王,8.8,14904,14435,469,13243,12827,416,30,30,0,0,0,0,0,✅ 自然增长
465,920660,电竞巅峰,9.7,2365,1897,468,2165,1756,409,6,5,1,0,0,0,0,✅ 自然增长
466,718452,我在末日当房东,8.5,1332505,1332039,466,1165081,1164799,282,2061,2061,0,78037,78040,-3,0,✅ 自然增长
467,242888,长生：天机降世,9.3,511457,510991,466,389823,389520,303,9265,9259,6,70101,70103,-2,0,✅ 自然增长
468,238573,石块华容道,8.5,258721,258255,466,226086,225708,378,601,599,2,0,0,0,0,✅ 自然增长
469,899597,我的足球人生,8.8,8330,7864,466,7675,7250,425,102,100,2,14,14,0,0,✅ 自然增长
470,202514,派对之星,7.3,7607834,7607369,465,2795473,2795270,203,35397,35396,1,9,9,0,0,✅ 自然增长
471,320838,迷你枪战精英,7.1,1038840,1038375,465,2161370,2160626,744,2411,2411,0,0,0,0,0,✅ 自然增长
472,194778,Orzmic,8.5,2967410,2966947,463,1583233,1582995,238,5492,5492,0,1558,1558,0,0,✅ 自然增长
473,176905,战魂铭人,7.5,3793816,3793354,462,2339062,2339050,12,35343,35342,1,740415,740416,-1,0,✅ 自然增长
474,920577,世界大战战场模拟器,0.0,2708,2246,462,2509,2096,413,0,0,0,0,0,0,0,✅ 自然增长
475,147488,诸神皇冠,8.4,2294849,2294388,461,1062918,1062769,149,15563,15565,-2,90412,90412,0,0,✅ 自然增长
476,133743,气球塔防6,8.5,1583584,1583124,460,875543,875398,145,4868,4866,2,162752,162753,-1,0,✅ 自然增长
477,67245,邂逅在迷宫,8.6,2646476,2646017,459,1278882,1278923,-41,9575,9574,1,10253,10254,-1,0,✅ 自然增长
478,649562,再钢一把,9.0,789321,788862,459,539909,539897,12,2013,2013,0,9459,9453,6,0,✅ 自然增长
479,284374,情商天花板,4.9,4467965,4467508,457,3284137,3283856,281,1507,1507,0,74,74,0,0,✅ 自然增长
480,131263,部落与弯刀,8.2,1930879,1930422,457,1251516,1251435,81,15014,15012,2,498285,498288,-3,0,✅ 自然增长
481,735262,绝地鸭卫,8.7,470541,470084,457,379381,379384,-3,7479,7467,12,33109,33110,-1,0,✅ 自然增长
482,741421,我是小鱼儿,7.0,612861,612405,456,587819,587646,173,1583,1583,0,300972,300973,-1,0,✅ 自然增长
483,656788,航海王：壮志雄心,6.3,1530319,1529864,455,2696642,2696428,214,8302,8299,3,710579,710585,-6,0,✅ 自然增长
484,915605,心动恋综15天,5.2,8117,7662,455,7592,7163,429,63,27,36,0,0,0,0,✅ 自然增长
485,752253,最终的梦幻岛,6.3,220390,219936,454,365668,365702,-34,454,454,0,342731,342749,-18,0,✅ 自然增长
486,899071,速度线,8.9,33228,32774,454,32662,32219,443,59,57,2,172,160,12,0,✅ 自然增长
487,151171,崽崽ZEPETO,7.1,925690,925238,452,2153938,2153247,691,1909,1909,0,0,0,0,0,✅ 自然增长
488,733498,星塔旅人,6.1,626467,626016,451,581879,581660,219,7229,7229,0,224611,224617,-6,0,✅ 自然增长
489,732740,王国传承,9.0,121524,121073,451,134309,133945,364,981,980,1,60560,60564,-4,0,✅ 自然增长
490,236707,重返深渊,8.9,2214948,2214498,450,1349599,1349342,257,45662,45661,1,34645,34646,-1,0,✅ 自然增长
491,898348,RPG世界模拟器,7.4,10413,9964,449,9167,8774,393,92,90,2,0,0,0,0,✅ 自然增长
492,912152,我做玉帝那些事,8.3,5329,4881,448,4929,4539,390,35,40,-5,1,1,0,0,✅ 自然增长
493,382112,星落,8.1,1416998,1416551,447,1049081,1048582,499,7017,7017,0,488157,488163,-6,0,✅ 自然增长
494,241042,剑与远征：启程,6.6,2034087,2033643,444,1579898,1579807,91,8672,8672,0,445404,445410,-6,0,✅ 自然增长
495,919451,oshit!,9.2,2856,2412,444,2708,2277,431,29,28,1,0,0,0,0,✅ 自然增长
496,445040,星厨烹饪记,7.1,565050,564607,443,471246,470895,351,902,899,3,1385,1385,0,0,✅ 自然增长
497,388717,二重螺旋,5.3,2025615,2025173,442,2215799,2215801,-2,20359,20357,2,1480801,1480837,-36,0,✅ 自然增长
498,758182,斗神大陆2（TapTap测试版）,8.1,498934,498492,442,414265,414232,33,538,537,1,3361,3361,0,0,✅ 自然增长
499,229629,茶叶蛋大冒险,8.1,938100,937661,439,688034,687650,384,943,943,0,0,0,0,0,✅ 自然增长
500,49858,影之诗,6.9,2572571,2572134,437,1201575,1201578,-3,13754,13754,0,104307,104307,0,0,✅ 自然增长
501,918547,七宗罪七美德测试,9.5,2271,1834,437,2259,1839,420,7,6,1,0,0,0,0,✅ 自然增长
502,223632,僵尸前线3D,5.8,1066841,1066412,429,535191,534884,307,946,946,0,1934,1934,0,0,✅ 自然增长
503,886589,数独杀,8.1,46687,46258,429,39283,38926,357,411,403,8,60,60,0,0,✅ 自然增长
504,193994,球球英雄,7.7,2166659,2166231,428,1136179,1135944,235,15961,15961,0,1326,1326,0,0,✅ 自然增长
505,647828,美职篮巅峰对决,5.8,518466,518038,428,715825,715358,467,1884,1878,6,87094,87094,0,0,✅ 自然增长
506,83595,阿瑞斯病毒,8.3,4727495,4727068,427,3072726,3072484,242,19402,19402,0,161845,161845,0,0,✅ 自然增长
507,825840,百世流芳,9.1,61829,61402,427,50910,50582,328,612,610,2,0,0,0,0,✅ 自然增长
508,230169,异世界勇者,7.6,1639609,1639183,426,838968,838866,102,6969,6969,0,5,5,0,0,✅ 自然增长
509,195161,花亦山心之月,6.8,2011264,2010840,424,1599642,1599446,196,16989,16989,0,491522,491525,-3,0,✅ 自然增长
510,724985,我的同学是伪人,8.6,1191663,1191239,424,1029654,1029345,309,2056,2055,1,58100,58102,-2,0,✅ 自然增长
511,273365,星之翼,7.6,1039170,1038746,424,705027,704814,213,6713,6706,7,267396,267398,-2,0,✅ 自然增长
512,784824,江山北望,8.7,75921,75500,421,70671,70313,358,641,640,1,19789,19790,-1,0,✅ 自然增长
513,735218,迷雾北境,9.2,376637,376217,420,279457,279257,200,1189,1187,2,32506,32507,-1,0,✅ 自然增长
514,892837,有间药铺,8.7,21412,20994,418,19263,19327,-64,80,78,2,0,0,0,0,✅ 自然增长
515,223635,真实公路汽车2,6.1,5311375,5310958,417,2070320,2070326,-6,4553,4553,0,0,0,0,0,✅ 自然增长
516,742940,幻想少女公会,8.6,382963,382546,417,331333,331348,-15,12444,12444,0,108820,108825,-5,0,✅ 自然增长
517,151852,曙光英雄,6.7,3514723,3514307,416,3823816,3823839,-23,21088,21087,1,90513,90513,0,0,✅ 自然增长
518,145106,装甲纷争（TapTap测试版）,8.2,1402966,1402552,414,809395,809414,-19,3178,3177,1,881,881,0,0,✅ 自然增长
519,908943,快递盲盒模拟器,7.1,2608,2199,409,2389,2020,369,12,12,0,0,0,0,0,✅ 自然增长
520,739104,我的花园世界,8.2,355652,355244,408,490211,489730,481,2207,2204,3,145955,145956,-1,0,✅ 自然增长
521,916480,画一条鱼,9.3,5216,4810,406,5087,4691,396,106,104,2,5,5,0,0,✅ 自然增长
522,240971,房间的秘密2：起点,9.4,632904,632499,405,527777,527439,338,2997,2996,1,36062,36056,6,0,✅ 自然增长
523,882336,侦探数独,8.3,28342,27937,405,24717,24368,349,91,90,1,0,0,0,0,✅ 自然增长
524,742580,神明也没猜到结局（TapTap测试版）,9.5,96757,96353,404,130050,129756,294,767,763,4,77280,77283,-3,0,✅ 自然增长
525,203129,人工桌面,8.6,8871636,8871233,403,5767370,5767035,335,21929,21929,0,192202,192202,0,0,✅ 自然增长
526,315689,高能英雄,7.1,2619363,2618960,403,5380314,5380376,-62,7401,7401,0,539494,539497,-3,0,✅ 自然增长
527,904119,这要怎么合成！,9.1,9585,9182,403,8240,7901,339,21,21,0,1,1,0,0,✅ 自然增长
528,172283,超逼真的攻城模拟器,8.0,1267230,1266828,402,1132559,1132257,302,2643,2643,0,354277,354278,-1,0,✅ 自然增长
529,226797,修仙家族模拟器,8.5,2581526,2581127,399,1502382,1502135,247,13536,13535,1,52475,52476,-1,0,✅ 自然增长
530,52276,纪念碑谷 2,8.6,5769889,5769491,398,3820772,3820757,15,18086,18086,0,395620,395620,0,0,✅ 自然增长
531,43744,坦克世界闪击战,6.4,2644882,2644484,398,1485322,1485308,14,11393,11392,1,45344,45344,0,0,✅ 自然增长
532,894284,讲台人生,9.2,10103,9706,397,9188,8835,353,67,63,4,0,0,0,0,✅ 自然增长
533,386859,甜瓜沙盒,5.4,1467825,1467429,396,1285661,1285333,328,1646,1645,1,0,0,0,0,✅ 自然增长
534,908537,数码城装机小王,8.5,8825,8431,394,7830,7491,339,64,62,2,0,0,0,0,✅ 自然增长
535,908144,从零开始养宗门,8.8,4154,3760,394,3543,3219,324,30,28,2,0,0,0,0,✅ 自然增长
536,647013,江南第一主播公司,8.5,955226,954834,392,845982,846011,-29,3091,3089,2,153249,153252,-3,0,✅ 自然增长
537,774226,三国：百将牌,8.0,278010,277618,392,275266,274847,419,2145,2174,-29,142341,142350,-9,0,✅ 自然增长
538,899083,无敌：从击杀第一个霸主开始,8.7,10885,10497,388,8191,7953,238,44,44,0,0,0,0,0,✅ 自然增长
539,866972,校长我来当,7.6,89012,88626,386,89865,89471,394,249,250,-1,17,17,0,0,✅ 自然增长
540,635596,迷雾大陆,6.7,2164157,2163774,383,1250022,1249980,42,6345,6343,2,21052,21052,0,0,✅ 自然增长
541,67848,梦想协奏曲！少女乐团派对！,9.3,2531073,2530691,382,2326052,2325723,329,9968,9967,1,88658,88658,0,0,✅ 自然增长
542,900464,塔罗牌占卜,0.0,11365,10986,379,11004,10631,373,0,0,0,0,0,0,0,✅ 自然增长
543,228286,当代人生,8.3,3431487,3431109,378,1879054,1878920,134,19770,19766,4,72340,72342,-2,0,✅ 自然增长
544,755961,辐射之海,7.3,472703,472325,378,397956,397670,286,934,934,0,29833,29833,0,0,✅ 自然增长
545,902238,太空回收站,8.5,11546,11170,376,9659,9359,300,85,81,4,0,0,0,0,✅ 自然增长
546,242573,一念通天,8.8,1440181,1439807,374,1002673,1002414,259,6346,6343,3,0,0,0,0,✅ 自然增长
547,862664,占城大师,5.0,12483,12111,372,12679,12352,327,163,161,2,2943,2944,-1,0,✅ 自然增长
548,774700,宗师之上,7.4,537561,537190,371,479241,479126,115,5017,5013,4,177278,177295,-17,0,✅ 自然增长
549,245534,靶场训练营,8.7,36061,35691,370,36235,35920,315,37,38,-1,8151,8148,3,0,✅ 自然增长
550,814677,希望城,5.1,334236,333869,367,168517,168351,166,608,607,1,32197,32201,-4,0,✅ 自然增长
551,162627,波西亚时光,8.2,905306,904940,366,1256509,1256316,193,5612,5612,0,855105,855109,-4,0,✅ 自然增长
552,11190,艾希,9.7,6511400,6511035,365,4495118,4494981,137,135538,135535,3,384495,384495,0,0,✅ 自然增长
553,226341,碧优蒂的世界,7.6,2131981,2131617,364,1739380,1739104,276,4120,4119,1,102054,102055,-1,0,✅ 自然增长
554,614018,拣爱,9.2,958376,958015,361,943537,943254,283,2819,2818,1,23948,23948,0,0,✅ 自然增长
555,383413,元梦之星,6.4,4206777,4206417,360,10119897,10119944,-47,12519,12517,2,757288,757298,-10,0,✅ 自然增长
556,137515,剑与远征,7.0,3279523,3279164,359,2102245,2102127,118,64405,64405,0,231504,231505,-1,0,✅ 自然增长
557,241449,无限升级,7.9,954469,954110,359,771445,771061,384,3244,3243,1,8092,8093,-1,0,✅ 自然增长
558,317176,桃源记2,8.0,495750,495391,359,470106,469871,235,3147,3147,0,182522,182526,-4,0,✅ 自然增长
559,205884,星战模拟器,5.8,419015,418656,359,369853,369550,303,347,347,0,0,0,0,0,✅ 自然增长
560,157506,女神星球,8.5,1625651,1625295,356,741040,741086,-46,5319,5317,2,10514,10514,0,0,✅ 自然增长
561,178358,妄想山海,6.8,2503353,2502999,354,2703839,2703810,29,25114,25114,0,509743,509746,-3,0,✅ 自然增长
562,892119,乞丐模拟器,7.9,37292,36938,354,34632,34319,313,105,105,0,0,0,0,0,✅ 自然增长
563,213627,月影别墅,9.0,3135192,3134839,353,1507570,1507561,9,14653,14652,1,87584,87585,-1,0,✅ 自然增长
564,906071,无限升级系统：影之君主,8.5,5599,5246,353,5211,4892,319,26,25,1,0,0,0,0,✅ 自然增长
565,360395,诡道修真记,9.2,1976359,1976008,351,1500060,1499921,139,20338,20336,2,5500,5500,0,0,✅ 自然增长
566,261946,打工生活模拟器,6.9,761740,761389,351,766117,765612,505,2287,2286,1,0,0,0,0,✅ 自然增长
567,241531,自定义修仙模拟器,9.1,1009508,1009158,350,816971,816969,2,62385,62369,16,31427,31427,0,0,✅ 自然增长
568,36716,荒野日记：孤岛,8.0,2526437,2526089,348,1286951,1286960,-9,9346,9346,0,19271,19271,0,0,✅ 自然增长
569,915300,美式加油站经营模拟器,3.3,13897,13549,348,12039,11721,318,58,58,0,43,43,0,0,✅ 自然增长
570,756199,菌菇菇农场,7.2,42907,42561,346,163051,162944,107,180,180,0,139121,139139,-18,0,✅ 自然增长
571,915810,我的篮坛生涯,7.5,3268,2925,343,3025,2702,323,6,4,2,0,0,0,0,✅ 自然增长
572,903746,野生狗奶厂,9.3,10991,10650,341,10307,9958,349,79,77,2,0,0,0,0,✅ 自然增长
573,202516,火力苏打,7.0,3936260,3935920,340,2160090,2159961,129,25015,25013,2,641097,641104,-7,0,✅ 自然增长
574,208370,坐在罐子里的人,6.6,1380965,1380626,339,939074,938898,176,1692,1692,0,279707,279708,-1,0,✅ 自然增长
575,232225,浮岛冒险,7.9,1009120,1008781,339,945036,944921,115,6440,6437,3,519147,519152,-5,0,✅ 自然增长
576,193791,宝可梦大集结,5.2,1635709,1635372,337,2992460,2992297,163,6759,6759,0,1047558,1047576,-18,0,✅ 自然增长
577,854454,肉鸽：弹球,8.9,87381,87045,336,76408,76128,280,172,172,0,0,0,0,0,✅ 自然增长
578,739044,拼装小窝,7.7,390591,390256,335,373429,373202,227,188,188,0,92812,92816,-4,0,✅ 自然增长
579,812827,嘎嘎射击,7.2,53794,53459,335,45173,44910,263,239,237,2,5057,5057,0,0,✅ 自然增长
580,22742,三国杀OL互通版,4.8,1626627,1626293,334,1581827,1581857,-30,6564,6564,0,0,0,0,0,✅ 自然增长
581,919659,全民御兽,8.4,2987,2655,332,2597,2330,267,25,23,2,0,0,0,0,✅ 自然增长
582,921608,守塔法师,7.4,874,542,332,699,439,260,8,7,1,0,0,0,0,✅ 自然增长
583,906343,谐音梗来了,8.3,13294,12964,330,11988,11692,296,31,30,1,0,0,0,0,✅ 自然增长
584,224001,逍遥客栈,9.2,1126845,1126516,329,788643,788432,211,3137,3136,1,24016,24016,0,0,✅ 自然增长
585,901451,汉末：三国聊天群,8.1,10499,10171,328,9568,9565,3,22,21,1,0,0,0,0,✅ 自然增长
586,60175,爆炒江湖,9.0,2759189,2758862,327,1432984,1432846,138,18466,18466,0,8573,8573,0,0,✅ 自然增长
587,898614,组建班底打天下,8.6,27940,27613,327,24804,24523,281,53,53,0,0,0,0,0,✅ 自然增长
588,723645,修仙世家模拟器,9.0,708402,708080,322,599599,599364,235,61527,61503,24,41049,41049,0,0,✅ 自然增长
589,772746,我在峡谷搜打撤,8.0,323952,323631,321,319448,319234,214,442,442,0,79866,79869,-3,0,✅ 自然增长
590,66654,荒野行动,8.2,17451681,17451361,320,5681869,5681592,277,139507,139506,1,1356016,1356016,0,0,✅ 自然增长
591,889006,增量修仙,8.4,23448,23129,319,20597,20357,240,65,64,1,0,0,0,0,✅ 自然增长
592,863987,网文影视大亨,8.8,18095,17777,318,16769,16490,279,147,145,2,1104,1104,0,0,✅ 自然增长
593,267034,Simple,8.6,501740,501425,315,308444,308348,96,1779,1779,0,181986,181985,1,0,✅ 自然增长
594,187303,逐光:启航,9.4,2171907,2171593,314,1205990,1205794,196,17395,17395,0,16934,16934,0,0,✅ 自然增长
595,905024,模拟经营银行家,8.6,8599,8285,314,7846,7565,281,40,37,3,0,0,0,0,✅ 自然增长
596,732885,保卫向日葵,7.3,791941,791629,312,511484,511269,215,2406,2404,2,3862,3863,-1,0,✅ 自然增长
597,824869,我在末日开火车,7.3,143754,143443,311,122472,122238,234,301,301,0,42797,42797,0,0,✅ 自然增长
598,235506,我的网红女友：养成计划,9.0,2202174,2201865,309,1653975,1653783,192,19881,19878,3,56684,56685,-1,0,✅ 自然增长
599,826044,斗罗大陆：传承,7.5,95217,94908,309,102957,102685,272,710,708,2,41834,41841,-7,0,✅ 自然增长
600,893785,我赚钱不讲道理,9.0,21280,20974,306,17718,17460,258,46,46,0,0,0,0,0,✅ 自然增长
